"state","district","market","commodity","variety","arrival_date","min_price","max_price","modal_price"
"Andhra Pradesh","Kurnool","Allagadda","Jowar(Sorghum)","Jowar ( White)","28/03/2020","2430","2500","2450"
"Andhra Pradesh","Kurnool","Allagadda","Paddy(Dhan)(Common)","Sona","28/03/2020","1750","1850","1800"
"Andhra Pradesh","Kurnool","Alur","Jowar(Sorghum)","Jowar ( White)","28/03/2020","2560","2620","2590"
"Chattisgarh","Surajpur","Surajpur","Sugarcane","Sugarcane","28/03/2020","265","265","265"
"Gujarat","Amreli","Damnagar","Bhindi(Ladies Finger)","Bhindi","28/03/2020","700","1000","800"
"Gujarat","Amreli","Damnagar","Brinjal","Other","28/03/2020","800","1000","900"
"Gujarat","Amreli","Damnagar","Cabbage","Cabbage","28/03/2020","400","600","500"
"Gujarat","Amreli","Damnagar","Cauliflower","Cauliflower","28/03/2020","1500","1700","1600"
"Gujarat","Amreli","Damnagar","Coriander(Leaves)","Coriander","28/03/2020","2000","2500","2200"
"Gujarat","Amreli","Damnagar","Ginger(Green)","Green Ginger","28/03/2020","6000","7000","6800"
"Gujarat","Amreli","Damnagar","Green Chilli","Green Chilly","28/03/2020","1500","2000","1700"
"Gujarat","Amreli","Damnagar","Guar","Gwar","28/03/2020","2000","2500","2300"
"Gujarat","Amreli","Damnagar","Lemon","Lemon","28/03/2020","1500","2000","1800"
"Gujarat","Anand","Khambhat(Grain Market)","Bajra(Pearl Millet/Cumbu)","Other","28/03/2020","1970","2010","1990"
"Gujarat","Anand","Khambhat(Veg Yard Khambhat)","Bhindi(Ladies Finger)","Other","28/03/2020","2500","3000","2750"
"Gujarat","Anand","Khambhat(Veg Yard Khambhat)","Brinjal","Other","28/03/2020","300","500","400"
"Gujarat","Anand","Khambhat(Veg Yard Khambhat)","Cabbage","Other","28/03/2020","200","500","350"
"Gujarat","Anand","Khambhat(Veg Yard Khambhat)","Cauliflower","Other","28/03/2020","600","1200","800"
"Gujarat","Anand","Khambhat(Veg Yard Khambhat)","Green Chilli","Other","28/03/2020","1000","1500","1250"
"Gujarat","Anand","Khambhat(Veg Yard Khambhat)","Onion","Other","28/03/2020","2500","3000","2750"
"Gujarat","Anand","Khambhat(Veg Yard Khambhat)","Potato","Other","28/03/2020","1500","1800","1650"
"Gujarat","Anand","Khambhat(Veg Yard Khambhat)","Tomato","Other","28/03/2020","500","800","650"
"Gujarat","Dahod","Dahod(Veg. Market)","Bhindi(Ladies Finger)","Bhindi","28/03/2020","1000","2200","2000"
"Gujarat","Dahod","Dahod(Veg. Market)","Bitter gourd","Bitter Gourd","28/03/2020","1500","2500","2000"
"Gujarat","Dahod","Dahod(Veg. Market)","Bottle gourd","Bottle Gourd","28/03/2020","1000","1200","1100"
"Gujarat","Dahod","Dahod(Veg. Market)","Brinjal","Brinjal","28/03/2020","800","1500","1000"
"Gujarat","Dahod","Dahod(Veg. Market)","Cabbage","Cabbage","28/03/2020","600","800","700"
"Gujarat","Dahod","Dahod(Veg. Market)","Carrot","Carrot","28/03/2020","3000","3000","3000"
"Gujarat","Dahod","Dahod(Veg. Market)","Cauliflower","Cauliflower","28/03/2020","800","1500","1000"
"Gujarat","Dahod","Dahod(Veg. Market)","Coriander(Leaves)","Coriander","28/03/2020","1000","2500","2000"
"Gujarat","Dahod","Dahod(Veg. Market)","Cucumbar(Kheera)","Cucumbar","28/03/2020","1000","1000","1000"
"Gujarat","Dahod","Dahod(Veg. Market)","Drumstick","Other","28/03/2020","3000","4000","3500"
"Gujarat","Dahod","Dahod(Veg. Market)","Garlic","Other","28/03/2020","7000","10000","9000"
"Gujarat","Dahod","Dahod(Veg. Market)","Ginger(Green)","Green Ginger","28/03/2020","7000","8000","7500"
"Gujarat","Dahod","Dahod(Veg. Market)","Green Chilli","Green Chilly","28/03/2020","1700","2000","1900"
"Gujarat","Dahod","Dahod(Veg. Market)","Little gourd (Kundru)","Other","28/03/2020","3000","3000","3000"
"Gujarat","Dahod","Dahod(Veg. Market)","Mint(Pudina)","Mint(Pudina)","28/03/2020","2000","2000","2000"
"Gujarat","Dahod","Dahod(Veg. Market)","Onion","Onion","28/03/2020","1300","2000","1700"
"Gujarat","Dahod","Dahod(Veg. Market)","Onion Green","Onion Green","28/03/2020","500","1500","1000"
"Gujarat","Dahod","Dahod(Veg. Market)","Pointed gourd (Parval)","Other","28/03/2020","4000","4500","4200"
"Gujarat","Dahod","Dahod(Veg. Market)","Potato","Potato","28/03/2020","2000","2200","2100"
"Gujarat","Dahod","Dahod(Veg. Market)","Tomato","Tomato","28/03/2020","500","1500","1000"
"Gujarat","Gandhinagar","Mansa(Manas Veg Yard)","Bhindi(Ladies Finger)","Other","28/03/2020","2000","2500","2250"
"Gujarat","Gandhinagar","Mansa(Manas Veg Yard)","Bitter gourd","Other","28/03/2020","3000","3000","3000"
"Gujarat","Gandhinagar","Mansa(Manas Veg Yard)","Bottle gourd","Other","28/03/2020","500","600","550"
"Gujarat","Gandhinagar","Mansa(Manas Veg Yard)","Brinjal","Brinjal","28/03/2020","1000","1000","1000"
"Gujarat","Gandhinagar","Mansa(Manas Veg Yard)","Brinjal","Round/Long","28/03/2020","800","2000","1500"
"Gujarat","Gandhinagar","Mansa(Manas Veg Yard)","Cabbage","Other","28/03/2020","250","300","300"
"Gujarat","Gandhinagar","Mansa(Manas Veg Yard)","Carrot","Other","28/03/2020","1500","1500","1500"
"Gujarat","Gandhinagar","Mansa(Manas Veg Yard)","Cauliflower","Other","28/03/2020","500","800","700"
"Gujarat","Gandhinagar","Mansa(Manas Veg Yard)","Green Chilli","Other","28/03/2020","1500","2500","2000"
"Gujarat","Gandhinagar","Mansa(Manas Veg Yard)","Guar","Other","28/03/2020","6000","6000","6000"
"Gujarat","Gandhinagar","Mansa(Manas Veg Yard)","Lemon","Other","28/03/2020","2000","4000","3000"
"Gujarat","Gandhinagar","Mansa(Manas Veg Yard)","Spinach","Other","28/03/2020","500","500","500"
"Gujarat","Junagarh","Talalagir","Bhindi(Ladies Finger)","Other","28/03/2020","2300","2500","2400"
"Gujarat","Junagarh","Talalagir","Bitter gourd","Other","28/03/2020","3800","4000","3900"
"Gujarat","Junagarh","Talalagir","Bottle gourd","Other","28/03/2020","1300","1500","1400"
"Gujarat","Junagarh","Talalagir","Brinjal","Other","28/03/2020","1650","1850","1750"
"Gujarat","Junagarh","Talalagir","Cabbage","Other","28/03/2020","200","350","300"
"Gujarat","Junagarh","Talalagir","Cauliflower","Other","28/03/2020","2800","3000","2900"
"Gujarat","Junagarh","Talalagir","Cowpea(Veg)","Other","28/03/2020","3300","3500","3400"
"Gujarat","Junagarh","Talalagir","Green Chilli","Other","28/03/2020","1800","2000","1900"
"Gujarat","Junagarh","Talalagir","Guar","Other","28/03/2020","3800","4000","3900"
"Gujarat","Junagarh","Talalagir","Indian Beans (Seam)","Other","28/03/2020","1800","2000","1900"
"Gujarat","Junagarh","Talalagir","Lemon","Other","28/03/2020","3800","4000","3900"
"Gujarat","Junagarh","Talalagir","Ridgeguard(Tori)","Other","28/03/2020","4300","4500","4400"
"Gujarat","Junagarh","Talalagir","Tomato","Other","28/03/2020","300","500","400"
"Gujarat","Mehsana","Mehsana(Mehsana Veg)","Banana","Other","28/03/2020","1200","1200","1200"
"Gujarat","Mehsana","Mehsana(Mehsana Veg)","Cabbage","Cabbage","28/03/2020","150","500","400"
"Gujarat","Mehsana","Mehsana(Mehsana Veg)","Cauliflower","Cauliflower","28/03/2020","350","600","500"
"Gujarat","Mehsana","Mehsana(Mehsana Veg)","Green Chilli","Green Chilly","28/03/2020","500","2000","1500"
"Gujarat","Mehsana","Mehsana(Mehsana Veg)","Mango","Other","28/03/2020","2800","3250","3000"
"Gujarat","Mehsana","Mehsana(Mehsana Veg)","Potato","Potato","28/03/2020","500","1500","1300"
"Gujarat","Mehsana","Mehsana(Mehsana Veg)","Tomato","Tomato","28/03/2020","500","1000","600"
"Gujarat","Narmada","Rajpipla","Banana","Other","28/03/2020","800","1075","975"
"Gujarat","Surat","Mandvi","Bottle gourd","Other","28/03/2020","865","1130","997"
"Gujarat","Surat","Mandvi","Brinjal","Other","28/03/2020","150","885","517"
"Gujarat","Surat","Mandvi","Cabbage","Other","28/03/2020","1050","1050","1050"
"Gujarat","Surat","Mandvi","Cauliflower","Other","28/03/2020","855","1550","1202"
"Gujarat","Surat","Mandvi","Cowpea(Veg)","Other","28/03/2020","1850","3995","2922"
"Gujarat","Surat","Mandvi","Green Chilli","Other","28/03/2020","2550","3250","2900"
"Gujarat","Surat","Mandvi","Pegeon Pea (Arhar Fali)","Other","28/03/2020","6500","6500","6500"
"Gujarat","Surat","Mandvi","Pointed gourd (Parval)","Other","28/03/2020","5755","5755","5755"
"Gujarat","Surat","Mandvi","Tomato","Other","28/03/2020","1000","1200","1100"
"Gujarat","Surat","S.Mandvi","Bottle gourd","Other","28/03/2020","865","1130","997"
"Gujarat","Surat","S.Mandvi","Brinjal","Other","28/03/2020","150","885","517"
"Gujarat","Surat","S.Mandvi","Cabbage","Other","28/03/2020","1050","1050","1050"
"Gujarat","Surat","S.Mandvi","Cauliflower","Other","28/03/2020","855","1550","1202"
"Gujarat","Surat","S.Mandvi","Cowpea(Veg)","Other","28/03/2020","1850","3995","2922"
"Gujarat","Surat","S.Mandvi","Green Chilli","Other","28/03/2020","2550","3250","2900"
"Gujarat","Surat","S.Mandvi","Pegeon Pea (Arhar Fali)","Other","28/03/2020","6500","6500","6500"
"Gujarat","Surat","S.Mandvi","Pointed gourd (Parval)","Other","28/03/2020","5755","5755","5755"
"Gujarat","Surat","S.Mandvi","Tomato","Other","28/03/2020","1000","1200","1100"
"Gujarat","Surat","Surat","Beetroot","Other","28/03/2020","800","1000","900"
"Gujarat","Surat","Surat","Bhindi(Ladies Finger)","Other","28/03/2020","1000","2900","1950"
"Gujarat","Surat","Surat","Bitter gourd","Other","28/03/2020","1000","2750","1875"
"Gujarat","Surat","Surat","Bottle gourd","Other","28/03/2020","300","1250","775"
"Gujarat","Surat","Surat","Brinjal","Other","28/03/2020","400","1500","950"
"Gujarat","Surat","Surat","Cabbage","Other","28/03/2020","400","1200","800"
"Gujarat","Surat","Surat","Cauliflower","Other","28/03/2020","400","1200","800"
"Gujarat","Surat","Surat","Cowpea(Veg)","Other","28/03/2020","2500","5500","4000"
"Gujarat","Surat","Surat","Cucumbar(Kheera)","Other","28/03/2020","700","1200","950"
"Gujarat","Surat","Surat","Drumstick","Other","28/03/2020","2000","3500","2750"
"Gujarat","Surat","Surat","Elephant Yam (Suran)","Other","28/03/2020","1900","2250","2075"
"Gujarat","Surat","Surat","French Beans (Frasbean)","Other","28/03/2020","3000","3500","3250"
"Gujarat","Surat","Surat","Ginger(Green)","Other","28/03/2020","5000","6000","5500"
"Gujarat","Surat","Surat","Green Chilli","Other","28/03/2020","1000","2500","1750"
"Gujarat","Surat","Surat","Indian Beans (Seam)","Other","28/03/2020","700","1750","1225"
"Gujarat","Surat","Surat","Lemon","Other","28/03/2020","1200","3000","2100"
"Gujarat","Surat","Surat","Little gourd (Kundru)","Other","28/03/2020","1000","4250","2625"
"Gujarat","Surat","Surat","Onion","Other","28/03/2020","1250","2500","1875"
"Gujarat","Surat","Surat","Pegeon Pea (Arhar Fali)","Other","28/03/2020","2500","4500","3500"
"Gujarat","Surat","Surat","Pointed gourd (Parval)","Other","28/03/2020","1500","2900","2200"
"Gujarat","Surat","Surat","Potato","Other","28/03/2020","1500","1800","1650"
"Gujarat","Surat","Surat","Pumpkin","Other","28/03/2020","500","700","600"
"Gujarat","Surat","Surat","Ridgeguard(Tori)","Other","28/03/2020","500","2000","1250"
"Gujarat","Surat","Surat","Surat Beans (Papadi)","Other","28/03/2020","2750","7500","5125"
"Gujarat","Surat","Surat","Sweet Potato","Other","28/03/2020","1200","1600","1400"
"Gujarat","Surat","Surat","Tomato","Other","28/03/2020","500","1100","800"
"Gujarat","Surat","Surat","Turmeric (raw)","Other","28/03/2020","1750","2250","2000"
"Gujarat","Surat","Surat","Yam (Ratalu)","Other","28/03/2020","2250","5000","3625"
"Gujarat","Surendranagar","Vadhvan","Banana - Green","Banana - Green","28/03/2020","750","1000","875"
"Gujarat","Surendranagar","Vadhvan","Bhindi(Ladies Finger)","Bhindi","28/03/2020","2500","3000","2750"
"Gujarat","Surendranagar","Vadhvan","Bitter gourd","Bitter Gourd","28/03/2020","2500","3000","2750"
"Gujarat","Surendranagar","Vadhvan","Bottle gourd","Bottle Gourd","28/03/2020","500","700","600"
"Gujarat","Surendranagar","Vadhvan","Brinjal","Brinjal","28/03/2020","750","1000","875"
"Gujarat","Surendranagar","Vadhvan","Cabbage","Cabbage","28/03/2020","750","800","775"
"Gujarat","Surendranagar","Vadhvan","Carrot","Carrot","28/03/2020","1000","1250","1125"
"Gujarat","Surendranagar","Vadhvan","Cauliflower","Cauliflower","28/03/2020","1000","1250","1125"
"Gujarat","Surendranagar","Vadhvan","Coriander(Leaves)","Coriander","28/03/2020","750","1000","875"
"Gujarat","Surendranagar","Vadhvan","Cucumbar(Kheera)","Cucumbar","28/03/2020","1000","1250","1125"
"Gujarat","Surendranagar","Vadhvan","Drumstick","Drumstick","28/03/2020","2000","2500","2250"
"Gujarat","Surendranagar","Vadhvan","Elephant Yam (Suran)","Elephant Yam (Suran)","28/03/2020","3500","4000","3750"
"Gujarat","Surendranagar","Vadhvan","French Beans (Frasbean)","French Beans (Frasbean)","28/03/2020","1000","1250","1125"
"Gujarat","Surendranagar","Vadhvan","Garlic","Garlic","28/03/2020","1500","2000","1750"
"Gujarat","Surendranagar","Vadhvan","Green Chilli","Green Chilly","28/03/2020","2000","2250","2125"
"Gujarat","Surendranagar","Vadhvan","Guar","Gwar","28/03/2020","3500","4000","3750"
"Gujarat","Surendranagar","Vadhvan","Lemon","Lemon","28/03/2020","2500","3500","3000"
"Gujarat","Surendranagar","Vadhvan","Mango (Raw-Ripe)","Mango - Raw-Ripe","28/03/2020","1500","2000","1750"
"Gujarat","Surendranagar","Vadhvan","Methi(Leaves)","Methi","28/03/2020","1500","1750","1625"
"Gujarat","Surendranagar","Vadhvan","Onion","Onion","28/03/2020","1000","1250","1125"
"Gujarat","Surendranagar","Vadhvan","Onion Green","Onion Green","28/03/2020","750","1000","875"
"Gujarat","Surendranagar","Vadhvan","Peas Wet","Peas Wet","28/03/2020","2500","3500","3000"
"Gujarat","Surendranagar","Vadhvan","Potato","Potato","28/03/2020","1250","1800","1525"
"Gujarat","Surendranagar","Vadhvan","Ridgeguard(Tori)","Ridgeguard(Tori)","28/03/2020","2500","3000","2750"
"Gujarat","Surendranagar","Vadhvan","Spinach","Spinach","28/03/2020","250","500","375"
"Gujarat","Surendranagar","Vadhvan","Tinda","Tinda","28/03/2020","3500","4000","3750"
"Gujarat","Surendranagar","Vadhvan","Tomato","Tomato","28/03/2020","450","500","475"
"Haryana","Ambala","Mullana","Bottle gourd","Bottle Gourd","28/03/2020","1000","1000","1000"
"Haryana","Ambala","Mullana","Cabbage","Other","28/03/2020","1000","1000","1000"
"Haryana","Ambala","Mullana","Coriander(Leaves)","Other","28/03/2020","2000","2000","2000"
"Haryana","Ambala","Mullana","Green Chilli","Green Chilly","28/03/2020","3500","4000","3500"
"Haryana","Ambala","Mullana","Onion","Other","28/03/2020","2400","2400","2400"
"Haryana","Ambala","Mullana","Pumpkin","Pumpkin","28/03/2020","1500","1500","1500"
"Haryana","Ambala","Mullana","Raddish","Raddish","28/03/2020","500","500","500"
"Haryana","Ambala","Mullana","Tomato","Tomato","28/03/2020","2500","2500","2500"
"Haryana","Ambala","Shahzadpur","Bottle gourd","Bottle Gourd","28/03/2020","1000","2000","2000"
"Haryana","Ambala","Shahzadpur","Cauliflower","Cauliflower","28/03/2020","1000","1500","1000"
"Haryana","Ambala","Shahzadpur","Coriander(Leaves)","Coriander","28/03/2020","1000","2343","2343"
"Haryana","Ambala","Shahzadpur","Cucumbar(Kheera)","Cucumbar","28/03/2020","1500","2000","2000"
"Haryana","Ambala","Shahzadpur","Garlic","Desi","28/03/2020","6000","6000","6000"
"Haryana","Ambala","Shahzadpur","Ginger(Green)","Green Ginger","28/03/2020","7500","7500","7500"
"Haryana","Ambala","Shahzadpur","Green Chilli","Green Chilly","28/03/2020","8500","11000","11000"
"Haryana","Ambala","Shahzadpur","Methi(Leaves)","Methi","28/03/2020","1400","2143","2143"
"Haryana","Ambala","Shahzadpur","Onion","Local","28/03/2020","2500","2500","2500"
"Haryana","Ambala","Shahzadpur","Orange","Medium","28/03/2020","4000","4000","4000"
"Haryana","Ambala","Shahzadpur","Peas Wet","Peas Wet","28/03/2020","3000","6000","3000"
"Haryana","Ambala","Shahzadpur","Potato","Local","28/03/2020","1600","1600","1600"
"Haryana","Ambala","Shahzadpur","Pumpkin","Pumpkin","28/03/2020","2000","2000","2000"
"Haryana","Ambala","Shahzadpur","Raddish","Raddish","28/03/2020","600","600","600"
"Haryana","Ambala","Shahzadpur","Spinach","Spinach","28/03/2020","600","1031","1031"
"Haryana","Ambala","Shahzadpur","Tomato","Local","28/03/2020","3000","3000","3000"
"Haryana","Faridabad","Faridabad","Bottle gourd","Other","28/03/2020","800","1000","900"
"Haryana","Faridabad","Faridabad","Brinjal","Other","28/03/2020","1000","1200","1100"
"Haryana","Faridabad","Faridabad","Cabbage","Other","28/03/2020","500","1500","1000"
"Haryana","Faridabad","Faridabad","Cauliflower","Cauliflower","28/03/2020","600","1400","1000"
"Haryana","Faridabad","Faridabad","Cucumbar(Kheera)","Other","28/03/2020","1000","1800","1400"
"Haryana","Faridabad","Faridabad","Grapes","Other","28/03/2020","4000","5000","4500"
"Haryana","Faridabad","Faridabad","Green Chilli","Other","28/03/2020","4800","5000","4900"
"Haryana","Faridabad","Faridabad","Onion","Other","28/03/2020","500","2500","1500"
"Haryana","Faridabad","Faridabad","Orange","Other","28/03/2020","3000","4000","3500"
"Haryana","Faridabad","Faridabad","Peas Wet","Other","28/03/2020","2000","3000","2500"
"Haryana","Faridabad","Faridabad","Potato","Other","28/03/2020","1200","2000","1600"
"Haryana","Faridabad","Faridabad","Pumpkin","Other","28/03/2020","700","1000","850"
"Haryana","Faridabad","Faridabad","Raddish","Other","28/03/2020","600","1000","800"
"Haryana","Faridabad","Faridabad","Tomato","Other","28/03/2020","800","2000","1400"
"Haryana","Hissar","Barwala(Hisar)","Apple","Other","28/03/2020","8000","8000","8000"
"Haryana","Hissar","Barwala(Hisar)","Banana","Other","28/03/2020","3300","3300","3300"
"Haryana","Hissar","Barwala(Hisar)","Bottle gourd","Other","28/03/2020","1400","1600","1500"
"Haryana","Hissar","Barwala(Hisar)","Cabbage","Other","28/03/2020","1500","1500","1500"
"Haryana","Hissar","Barwala(Hisar)","Cauliflower","Other","28/03/2020","1300","1500","1400"
"Haryana","Hissar","Barwala(Hisar)","Cucumbar(Kheera)","Other","28/03/2020","1800","2200","2000"
"Haryana","Hissar","Barwala(Hisar)","Grapes","Other","28/03/2020","4500","5500","4700"
"Haryana","Hissar","Barwala(Hisar)","Mango","Other","28/03/2020","6000","6000","6000"
"Haryana","Hissar","Barwala(Hisar)","Onion","Other","28/03/2020","2400","2600","2500"
"Haryana","Hissar","Barwala(Hisar)","Orange","Other","28/03/2020","3500","5200","5000"
"Haryana","Hissar","Barwala(Hisar)","Peas Wet","Other","28/03/2020","2600","2800","2700"
"Haryana","Hissar","Barwala(Hisar)","Potato","Other","28/03/2020","1800","1900","1900"
"Haryana","Hissar","Barwala(Hisar)","Raddish","Other","28/03/2020","1500","1500","1500"
"Haryana","Hissar","Barwala(Hisar)","Tomato","Other","28/03/2020","1500","2000","1800"
"Haryana","Kurukshetra","Pehowa","Lemon","Other","28/03/2020","1500","1600","1600"
"Haryana","Kurukshetra","Pehowa","Onion","Other","28/03/2020","2300","2500","2500"
"Haryana","Kurukshetra","Pehowa","Potato","Other","28/03/2020","1300","1580","1500"
"Haryana","Mahendragarh-Narnaul","Mohindergarh","Apple","Apple","28/03/2020","6000","7000","7000"
"Haryana","Mahendragarh-Narnaul","Mohindergarh","Banana","Banana - Ripe","28/03/2020","3500","3500","3500"
"Haryana","Mahendragarh-Narnaul","Mohindergarh","Bottle gourd","Bottle Gourd","28/03/2020","400","800","500"
"Haryana","Mahendragarh-Narnaul","Mohindergarh","Brinjal","Brinjal","28/03/2020","1000","1300","1200"
"Haryana","Mahendragarh-Narnaul","Mohindergarh","Cabbage","Cabbage","28/03/2020","700","700","700"
"Haryana","Mahendragarh-Narnaul","Mohindergarh","Capsicum","Capsicum","28/03/2020","3000","3500","3500"
"Haryana","Mahendragarh-Narnaul","Mohindergarh","Carrot","Carrot","28/03/2020","800","1000","1000"
"Haryana","Mahendragarh-Narnaul","Mohindergarh","Cauliflower","Cauliflower","28/03/2020","800","1400","1000"
"Haryana","Mahendragarh-Narnaul","Mohindergarh","Chikoos(Sapota)","Sapota","28/03/2020","2000","3000","3000"
"Haryana","Mahendragarh-Narnaul","Mohindergarh","Coriander(Leaves)","Coriander","28/03/2020","1000","1600","1400"
"Haryana","Mahendragarh-Narnaul","Mohindergarh","Cucumbar(Kheera)","Cucumbar","28/03/2020","800","1500","1000"
"Haryana","Mahendragarh-Narnaul","Mohindergarh","Ginger(Green)","Green Ginger","28/03/2020","7000","7000","7000"
"Haryana","Mahendragarh-Narnaul","Mohindergarh","Grapes","Green","28/03/2020","5000","6000","6000"
"Haryana","Mahendragarh-Narnaul","Mohindergarh","Green Chilli","Green Chilly","28/03/2020","2100","5000","4000"
"Haryana","Mahendragarh-Narnaul","Mohindergarh","Long Melon(Kakri)","Other","28/03/2020","1000","1500","1400"
"Haryana","Mahendragarh-Narnaul","Mohindergarh","Mousambi(Sweet Lime)","Mousambi","28/03/2020","5000","5000","5000"
"Haryana","Mahendragarh-Narnaul","Mohindergarh","Onion","Onion","28/03/2020","1500","2400","2000"
"Haryana","Mahendragarh-Narnaul","Mohindergarh","Onion Green","Onion Green","28/03/2020","1000","1000","1000"
"Haryana","Mahendragarh-Narnaul","Mohindergarh","Orange","Orange","28/03/2020","3500","4000","4000"
"Haryana","Mahendragarh-Narnaul","Mohindergarh","Peas Wet","Peas Wet","28/03/2020","3500","3500","3500"
"Haryana","Mahendragarh-Narnaul","Mohindergarh","Pomegranate","Pomogranate","28/03/2020","5000","7000","7000"
"Haryana","Mahendragarh-Narnaul","Mohindergarh","Potato","Potato","28/03/2020","1700","2000","1800"
"Haryana","Mahendragarh-Narnaul","Mohindergarh","Pumpkin","Pumpkin","28/03/2020","800","1200","1000"
"Haryana","Mahendragarh-Narnaul","Mohindergarh","Raddish","Raddish","28/03/2020","800","800","800"
"Haryana","Mahendragarh-Narnaul","Mohindergarh","Spinach","Spinach","28/03/2020","500","800","700"
"Haryana","Mahendragarh-Narnaul","Mohindergarh","Tinda","Tinda","28/03/2020","1000","2000","1500"
"Haryana","Mahendragarh-Narnaul","Mohindergarh","Tomato","Tomato","28/03/2020","2000","2500","2200"
"Haryana","Palwal","Palwal","Bitter gourd","Bitter Gourd","28/03/2020","3400","3400","3400"
"Haryana","Palwal","Palwal","Bottle gourd","Bottle Gourd","28/03/2020","700","800","750"
"Haryana","Palwal","Palwal","Brinjal","Brinjal","28/03/2020","700","1000","850"
"Haryana","Palwal","Palwal","Cabbage","Cabbage","28/03/2020","600","700","650"
"Haryana","Palwal","Palwal","Capsicum","Capsicum","28/03/2020","2000","2000","2000"
"Haryana","Palwal","Palwal","Cauliflower","Cauliflower","28/03/2020","700","800","750"
"Haryana","Palwal","Palwal","Cucumbar(Kheera)","Cucumbar","28/03/2020","1200","1200","1200"
"Haryana","Palwal","Palwal","Grapes","Green","28/03/2020","3200","3200","3200"
"Haryana","Palwal","Palwal","Mango","Other","28/03/2020","5000","5000","5000"
"Haryana","Palwal","Palwal","Mousambi(Sweet Lime)","Other","28/03/2020","1600","1600","1600"
"Haryana","Palwal","Palwal","Onion","Onion","28/03/2020","1900","2000","1950"
"Haryana","Palwal","Palwal","Orange","Other","28/03/2020","2000","2500","2250"
"Haryana","Palwal","Palwal","Potato","Potato","28/03/2020","1500","1800","1650"
"Haryana","Palwal","Palwal","Pumpkin","Pumpkin","28/03/2020","700","900","800"
"Haryana","Palwal","Palwal","Tomato","Tomato","28/03/2020","1200","2000","1600"
"Haryana","Panipat","Samalkha","Bottle gourd","Bottle Gourd","28/03/2020","1400","2000","1800"
"Haryana","Panipat","Samalkha","Cauliflower","Cauliflower","28/03/2020","500","1000","750"
"Haryana","Panipat","Samalkha","Green Chilli","Green Chilly","28/03/2020","7000","7500","7250"
"Haryana","Panipat","Samalkha","Leafy Vegetable","Leafy Vegetables","28/03/2020","500","600","550"
"Haryana","Panipat","Samalkha","Onion","Local","28/03/2020","1800","2000","1900"
"Haryana","Panipat","Samalkha","Peas Wet","Peas Wet","28/03/2020","1500","2000","1750"
"Haryana","Panipat","Samalkha","Raddish","Other","28/03/2020","500","700","600"
"Haryana","Panipat","Samalkha","Tomato","Local","28/03/2020","1800","2000","1900"
"Haryana","Yamuna Nagar","Jagadhri","Apple","Other","28/03/2020","7000","12000","12000"
"Haryana","Yamuna Nagar","Jagadhri","Banana","Other","28/03/2020","2250","2400","2400"
"Haryana","Yamuna Nagar","Jagadhri","Bottle gourd","Other","28/03/2020","1800","2100","2100"
"Haryana","Yamuna Nagar","Jagadhri","Cabbage","Other","28/03/2020","600","700","700"
"Haryana","Yamuna Nagar","Jagadhri","Cauliflower","Other","28/03/2020","1000","1200","1200"
"Haryana","Yamuna Nagar","Jagadhri","Cucumbar(Kheera)","Other","28/03/2020","1500","2000","2000"
"Haryana","Yamuna Nagar","Jagadhri","Ginger(Green)","Other","28/03/2020","8000","11000","11000"
"Haryana","Yamuna Nagar","Jagadhri","Grapes","Other","28/03/2020","6500","6800","6800"
"Haryana","Yamuna Nagar","Jagadhri","Green Chilli","Other","28/03/2020","7000","9000","9000"
"Haryana","Yamuna Nagar","Jagadhri","Onion","Other","28/03/2020","2100","2500","2500"
"Haryana","Yamuna Nagar","Jagadhri","Orange","Other","28/03/2020","3400","3500","3500"
"Haryana","Yamuna Nagar","Jagadhri","Peas Wet","Other","28/03/2020","4000","5000","5000"
"Haryana","Yamuna Nagar","Jagadhri","Potato","Other","28/03/2020","1800","2000","2000"
"Haryana","Yamuna Nagar","Jagadhri","Raddish","Other","28/03/2020","900","1000","1000"
"Haryana","Yamuna Nagar","Jagadhri","Tomato","Other","28/03/2020","1200","1600","1600"
"Haryana","Yamuna Nagar","Sadhaura","Apple","Other","28/03/2020","6000","7000","6500"
"Haryana","Yamuna Nagar","Sadhaura","Bhindi(Ladies Finger)","Bhindi","28/03/2020","5000","5500","5200"
"Haryana","Yamuna Nagar","Sadhaura","Bottle gourd","Bottle Gourd","28/03/2020","1300","1500","1400"
"Haryana","Yamuna Nagar","Sadhaura","Brinjal","Brinjal","28/03/2020","1800","2000","1900"
"Haryana","Yamuna Nagar","Sadhaura","Cabbage","Cabbage","28/03/2020","500","600","550"
"Haryana","Yamuna Nagar","Sadhaura","Capsicum","Capsicum","28/03/2020","4000","4500","4200"
"Haryana","Yamuna Nagar","Sadhaura","Carrot","Carrot","28/03/2020","1800","2200","2000"
"Haryana","Yamuna Nagar","Sadhaura","Ginger(Green)","Green Ginger","28/03/2020","7000","8000","7500"
"Haryana","Yamuna Nagar","Sadhaura","Onion","Onion","28/03/2020","2000","2500","2300"
"Haryana","Yamuna Nagar","Sadhaura","Orange","Orange","28/03/2020","2500","3000","2700"
"Haryana","Yamuna Nagar","Sadhaura","Peas Wet","Peas Wet","28/03/2020","3000","4000","3500"
"Haryana","Yamuna Nagar","Sadhaura","Potato","Potato","28/03/2020","1500","1700","1600"
"Haryana","Yamuna Nagar","Sadhaura","Pumpkin","Other","28/03/2020","1000","1500","1200"
"Haryana","Yamuna Nagar","Sadhaura","Raddish","Raddish","28/03/2020","400","500","450"
"Haryana","Yamuna Nagar","Sadhaura","Tomato","Tomato","28/03/2020","2000","2500","2200"
"Karnataka","Bangalore","Ramanagara","Beans","Beans (Whole)","28/03/2020","1600","2400","2000"
"Karnataka","Bangalore","Ramanagara","Beetroot","Beetroot","28/03/2020","2800","3200","3000"
"Karnataka","Bangalore","Ramanagara","Bhindi(Ladies Finger)","Bhindi","28/03/2020","1600","2000","1800"
"Karnataka","Bangalore","Ramanagara","Bitter gourd","Bitter Gourd","28/03/2020","1600","2000","1800"
"Karnataka","Bangalore","Ramanagara","Brinjal","Brinjal","28/03/2020","1000","1600","1300"
"Karnataka","Bangalore","Ramanagara","Cabbage","Cabbage","28/03/2020","800","1000","900"
"Karnataka","Bangalore","Ramanagara","Carrot","Carrot","28/03/2020","4000","5000","4500"
"Karnataka","Bangalore","Ramanagara","Chilly Capsicum","Chilly Capsicum","28/03/2020","2800","3200","3000"
"Karnataka","Bangalore","Ramanagara","Cucumbar(Kheera)","Cucumbar","28/03/2020","500","700","600"
"Karnataka","Bangalore","Ramanagara","Drumstick","Drumstick","28/03/2020","3000","4000","3500"
"Karnataka","Bangalore","Ramanagara","Ginger(Green)","Green Ginger","28/03/2020","4800","5200","5000"
"Karnataka","Bangalore","Ramanagara","Green Avare (W)","Green Avare (W)","28/03/2020","2800","3000","2900"
"Karnataka","Bangalore","Ramanagara","Green Chilli","Green Chilly","28/03/2020","1000","2000","1500"
"Karnataka","Bangalore","Ramanagara","Knool Khol","Knool Khol","28/03/2020","2000","2400","2200"
"Karnataka","Bangalore","Ramanagara","Raddish","Raddish","28/03/2020","1600","2000","1800"
"Karnataka","Bangalore","Ramanagara","Ridgeguard(Tori)","Ridgeguard(Tori)","28/03/2020","1000","1600","1300"
"Karnataka","Bangalore","Ramanagara","Seemebadnekai","Seemebadanekai","28/03/2020","2400","2800","2600"
"Karnataka","Bangalore","Ramanagara","Snakeguard","Snakeguard","28/03/2020","1000","1400","1200"
"Karnataka","Bangalore","Ramanagara","Suvarna Gadde","Suvarnagadde","28/03/2020","2400","2800","2600"
"Karnataka","Bangalore","Ramanagara","Thondekai","Thondekai","28/03/2020","1000","1600","1300"
"Karnataka","Bangalore","Ramanagara","Tomato","Tomato","28/03/2020","1000","1300","1150"
"Karnataka","Bangalore","Ramanagara","Water Melon","Water Melon","28/03/2020","2400","2800","2600"
"Karnataka","Chamrajnagar","Chamaraj Nagar","Beans","Beans (Whole)","28/03/2020","2500","3000","2800"
"Karnataka","Chamrajnagar","Chamaraj Nagar","Beetroot","Beetroot","28/03/2020","300","500","400"
"Karnataka","Chamrajnagar","Chamaraj Nagar","Brinjal","Other","28/03/2020","300","500","400"
"Karnataka","Chamrajnagar","Chamaraj Nagar","Cabbage","Cabbage","28/03/2020","250","400","350"
"Karnataka","Chamrajnagar","Chamaraj Nagar","Carrot","Carrot","28/03/2020","2500","3000","2800"
"Karnataka","Chamrajnagar","Chamaraj Nagar","Coconut","Grade-I","28/03/2020","15000","22000","18000"
"Karnataka","Chamrajnagar","Chamaraj Nagar","Green Chilli","Green Chilly","28/03/2020","500","1800","1000"
"Karnataka","Chamrajnagar","Chamaraj Nagar","Raddish","Raddish","28/03/2020","300","400","300"
"Karnataka","Chamrajnagar","Chamaraj Nagar","Tomato","Tomato","28/03/2020","200","400","300"
"Karnataka","Kolar","Kolar","Tomato","Tomato","28/03/2020","333","867","533"
"Kerala","Alappuzha","Aroor","Amphophalus","Amphophalus","28/03/2020","3000","3200","3100"
"Kerala","Alappuzha","Aroor","Apple","Other","28/03/2020","12800","13000","12900"
"Kerala","Kollam","Anchal","Amaranthus","Other","28/03/2020","4700","4900","4800"
"Kerala","Kollam","Anchal","Ashgourd","Other","28/03/2020","2800","3000","2900"
"Kerala","Kollam","Anchal","Banana","Nendra Bale","28/03/2020","5500","5700","5600"
"Kerala","Kollam","Anchal","Banana","Palayamthodan","28/03/2020","4500","4700","4600"
"Kerala","Kollam","Anchal","Banana","Poovan","28/03/2020","6500","6700","6600"
"Kerala","Kollam","Anchal","Banana","Red Banana","28/03/2020","6000","6200","6100"
"Kerala","Kollam","Anchal","Banana","Robusta","28/03/2020","3700","3900","3800"
"Kerala","Kollam","Anchal","Beetroot","Other","28/03/2020","3700","3900","3800"
"Kerala","Kollam","Anchal","Bhindi(Ladies Finger)","Other","28/03/2020","4000","4200","4100"
"Kerala","Kollam","Anchal","Bitter gourd","Other","28/03/2020","7200","7400","7300"
"Kerala","Kollam","Anchal","Bottle gourd","Other","28/03/2020","2500","2700","2600"
"Kerala","Kollam","Anchal","Brinjal","Brinjal","28/03/2020","4400","4600","4500"
"Kerala","Kollam","Anchal","Cabbage","Other","28/03/2020","2700","2900","2800"
"Kerala","Kollam","Anchal","Capsicum","Capsicum","28/03/2020","5500","5700","5600"
"Kerala","Kollam","Anchal","Carrot","Carrot","28/03/2020","6800","7000","6900"
"Kerala","Kollam","Anchal","Cauliflower","Cauliflower","28/03/2020","3700","3900","3800"
"Kerala","Kollam","Anchal","Colacasia","Other","28/03/2020","8000","8200","8100"
"Kerala","Kollam","Anchal","Cucumbar(Kheera)","Other","28/03/2020","3400","3600","3500"
"Kerala","Kollam","Anchal","Drumstick","Other","28/03/2020","7500","7700","7600"
"Kerala","Kollam","Anchal","Onion","Other","28/03/2020","6700","6900","6800"
"Kerala","Kollam","Anchal","Potato","Other","28/03/2020","3000","3200","3100"
"Kerala","Kollam","Anchal","Pumpkin","Other","28/03/2020","2000","2200","2100"
"Kerala","Kollam","Anchal","Snakeguard","Other","28/03/2020","3400","3600","3500"
"Kerala","Kollam","Anchal","Tomato","Other","28/03/2020","4500","4700","4600"
"Kerala","Kollam","Chathanoor","Banana","Banana - Ripe","28/03/2020","3100","3500","3300"
"Kerala","Kollam","Chathanoor","Banana","Palayamthodan","28/03/2020","2000","2400","2200"
"Kerala","Kollam","Chathanoor","Banana","Poovan","28/03/2020","4000","4400","4200"
"Kerala","Kollam","Chathanoor","Bhindi(Ladies Finger)","Other","28/03/2020","2800","3200","3000"
"Kerala","Kollam","Chathanoor","Brinjal","Other","28/03/2020","3200","3600","3400"
"Kerala","Kollam","Chathanoor","Cabbage","Other","28/03/2020","3800","4200","4000"
"Kerala","Kollam","Chathanoor","Cucumbar(Kheera)","Other","28/03/2020","1800","2200","2000"
"Kerala","Kollam","Chathanoor","Snakeguard","Other","28/03/2020","3300","3700","3500"
"Kerala","Kottayam","Kanjirappally","Amphophalus","Other","28/03/2020","2400","2800","2600"
"Kerala","Kottayam","Kanjirappally","Banana","Banana - Ripe","28/03/2020","2500","3000","2800"
"Kerala","Malappuram","Parappanangadi","Amaranthus","Other","28/03/2020","2000","2200","2100"
"Kerala","Malappuram","Parappanangadi","Amphophalus","Other","28/03/2020","1800","2100","2000"
"Kerala","Malappuram","Parappanangadi","Apple","Other","28/03/2020","11000","13000","13000"
"Kerala","Malappuram","Parappanangadi","Ashgourd","Other","28/03/2020","1800","1800","1800"
"Kerala","Malappuram","Parappanangadi","Banana - Green","Other","28/03/2020","3200","3300","3300"
"Kerala","Malappuram","Parappanangadi","Beetroot","Other","28/03/2020","2000","2100","2100"
"Kerala","Malappuram","Parappanangadi","Bhindi(Ladies Finger)","Other","28/03/2020","5300","5340","5300"
"Kerala","Malappuram","Parappanangadi","Bitter gourd","Other","28/03/2020","2900","2900","2900"
"Kerala","Malappuram","Parappanangadi","Bottle gourd","Other","28/03/2020","2000","2300","2200"
"Kerala","Malappuram","Parappanangadi","Brinjal","Other","28/03/2020","1700","2000","2000"
"Kerala","Malappuram","Parappanangadi","Capsicum","Capsicum","28/03/2020","4400","4400","4400"
"Kerala","Malappuram","Parappanangadi","Carrot","Other","28/03/2020","4000","4100","4100"
"Kerala","Malappuram","Parappanangadi","Cauliflower","Other","28/03/2020","2700","3000","2900"
"Kerala","Malappuram","Parappanangadi","Drumstick","Other","28/03/2020","2100","2200","2200"
"Kerala","Malappuram","Parappanangadi","Grapes","Other","28/03/2020","4600","5100","5000"
"Kerala","Malappuram","Parappanangadi","Green Chilli","Other","28/03/2020","7000","7200","7100"
"Kerala","Malappuram","Parappanangadi","Onion","Other","28/03/2020","3500","3760","3700"
"Kerala","Malappuram","Parappanangadi","Orange","Other","28/03/2020","5000","5200","5100"
"Kerala","Malappuram","Parappanangadi","Pineapple","Other","28/03/2020","3000","3200","3100"
"Kerala","Malappuram","Parappanangadi","Potato","Other","28/03/2020","3190","3200","3200"
"Kerala","Malappuram","Parappanangadi","Pumpkin","Other","28/03/2020","1600","1780","1700"
"Kerala","Malappuram","Thirurrangadi","Amaranthus","Other","28/03/2020","2100","2300","2200"
"Kerala","Malappuram","Thirurrangadi","Amphophalus","Amphophalus","28/03/2020","2000","2200","2100"
"Kerala","Malappuram","Thirurrangadi","Apple","Other","28/03/2020","11000","11000","11000"
"Kerala","Malappuram","Thirurrangadi","Ashgourd","Ashgourd","28/03/2020","1400","1600","1500"
"Kerala","Malappuram","Thirurrangadi","Banana - Green","Other","28/03/2020","3400","3600","3500"
"Kerala","Malappuram","Thirurrangadi","Beans","Beans (Whole)","28/03/2020","5000","5100","5100"
"Kerala","Malappuram","Thirurrangadi","Beetroot","Other","28/03/2020","2000","2200","2100"
"Kerala","Malappuram","Thirurrangadi","Bhindi(Ladies Finger)","Other","28/03/2020","5000","5200","5100"
"Kerala","Malappuram","Thirurrangadi","Bitter gourd","Other","28/03/2020","2000","2300","2100"
"Kerala","Malappuram","Thirurrangadi","Bottle gourd","Other","28/03/2020","2300","2600","2400"
"Kerala","Malappuram","Thirurrangadi","Brinjal","Other","28/03/2020","2500","2700","2600"
"Kerala","Malappuram","Thirurrangadi","Capsicum","Capsicum","28/03/2020","4500","4500","4500"
"Kerala","Malappuram","Thirurrangadi","Carrot","Other","28/03/2020","3400","3700","3600"
"Kerala","Malappuram","Thirurrangadi","Cauliflower","Other","28/03/2020","3000","3200","3100"
"Kerala","Malappuram","Thirurrangadi","Cucumbar(Kheera)","Other","28/03/2020","2100","2300","2200"
"Kerala","Malappuram","Thirurrangadi","Grapes","Other","28/03/2020","6000","6200","6100"
"Kerala","Malappuram","Thirurrangadi","Green Chilli","Other","28/03/2020","7000","7200","7100"
"Kerala","Malappuram","Thirurrangadi","Guava","Guava","28/03/2020","3000","3200","3100"
"Kerala","Malappuram","Thirurrangadi","Onion","Other","28/03/2020","3600","3700","3700"
"Kerala","Malappuram","Thirurrangadi","Orange","Other","28/03/2020","5000","5200","5100"
"Kerala","Malappuram","Thirurrangadi","Pineapple","Other","28/03/2020","4200","4400","4300"
"Kerala","Malappuram","Thirurrangadi","Pumpkin","Other","28/03/2020","1200","1400","1300"
"Kerala","Thirssur","Kodungalloor","Banana - Green","Other","28/03/2020","2300","2400","2300"
"Kerala","Wayanad","Kalpetta","Ashgourd","Other","28/03/2020","800","900","900"
"Kerala","Wayanad","Kalpetta","Banana - Green","Other","28/03/2020","1300","1400","1400"
"Kerala","Wayanad","Kalpetta","Bitter gourd","Other","28/03/2020","2100","2200","2200"
"Kerala","Wayanad","Kalpetta","Black pepper","Other","28/03/2020","28000","29000","29000"
"Kerala","Wayanad","Kalpetta","Brinjal","Other","28/03/2020","1400","1500","1500"
"Kerala","Wayanad","Kalpetta","Coffee","Other","28/03/2020","11800","11900","11900"
"Kerala","Wayanad","Kalpetta","Colacasia","Other","28/03/2020","3700","3800","3800"
"Kerala","Wayanad","Kalpetta","Cowpea(Veg)","Other","28/03/2020","2000","2100","2100"
"Kerala","Wayanad","Kalpetta","Ginger(Green)","Green Ginger","28/03/2020","3200","3300","3300"
"Kerala","Wayanad","Kalpetta","Green Chilli","Green Chilly","28/03/2020","2200","2300","2300"
"Kerala","Wayanad","Kalpetta","Pumpkin","Other","28/03/2020","800","900","900"
"Kerala","Wayanad","Kalpetta","Rubber","Other","28/03/2020","12300","12400","12400"
"Kerala","Wayanad","Kalpetta","Snakeguard","Other","28/03/2020","2200","2300","2300"
"Kerala","Wayanad","Kalpetta","Yam (Ratalu)","Other","28/03/2020","1500","1600","1600"
"Kerala","Wayanad","Manathavady","Banana","Other","28/03/2020","1300","1400","1400"
"Kerala","Wayanad","Manathavady","Bitter gourd","Bitter Gourd","28/03/2020","2100","2200","2200"
"Kerala","Wayanad","Manathavady","Coffee","Other","28/03/2020","11800","11900","11900"
"Kerala","Wayanad","Manathavady","Cowpea(Veg)","Cowpea (Veg)","28/03/2020","2000","2100","2100"
"Kerala","Wayanad","Manathavady","Ginger(Dry)","Other","28/03/2020","3200","3300","3300"
"Kerala","Wayanad","Manathavady","Pepper ungarbled","Other","28/03/2020","28000","29000","29000"
"Kerala","Wayanad","Manathavady","Rubber","Other","28/03/2020","12300","12400","12400"
"Kerala","Wayanad","Pulpally","Amaranthus","Other","28/03/2020","1500","1700","1600"
"Kerala","Wayanad","Pulpally","Banana","Other","28/03/2020","1500","1700","1600"
"Kerala","Wayanad","Pulpally","Bitter gourd","Other","28/03/2020","1400","1600","1500"
"Kerala","Wayanad","Pulpally","Coffee","Other","28/03/2020","5500","7500","6500"
"Kerala","Wayanad","Pulpally","Cowpea(Veg)","Other","28/03/2020","1600","1800","1700"
"Kerala","Wayanad","Pulpally","Cucumbar(Kheera)","Other","28/03/2020","800","1000","900"
"Kerala","Wayanad","Pulpally","Ginger(Dry)","Other","28/03/2020","2150","2350","2250"
"Kerala","Wayanad","Pulpally","Green Chilli","Other","28/03/2020","3200","3400","3300"
"Kerala","Wayanad","Pulpally","Paddy(Dhan)(Common)","Other","28/03/2020","1850","2050","1950"
"Kerala","Wayanad","Pulpally","Pepper ungarbled","Other","28/03/2020","28500","30500","29500"
"Kerala","Wayanad","Pulpally","Pumpkin","Other","28/03/2020","800","1000","900"
"Kerala","Wayanad","Pulpally","Rubber","Other","28/03/2020","11500","13500","12500"
"Madhya Pradesh","Dewas","Khategaon","Wheat","Other","28/03/2020","1920","1920","1920"
"Madhya Pradesh","Indore","Indore(F&V)","Bhindi(Ladies Finger)","Bhindi","28/03/2020","500","1500","1000"
"Madhya Pradesh","Indore","Indore(F&V)","Bitter gourd","Bitter Gourd","28/03/2020","600","1000","800"
"Madhya Pradesh","Indore","Indore(F&V)","Bottle gourd","Bottle Gourd","28/03/2020","600","1200","800"
"Madhya Pradesh","Indore","Indore(F&V)","Cabbage","Cabbage","28/03/2020","300","600","400"
"Madhya Pradesh","Indore","Indore(F&V)","Capsicum","Capsicum","28/03/2020","1000","2000","1500"
"Madhya Pradesh","Indore","Indore(F&V)","Cucumbar(Kheera)","Cucumbar","28/03/2020","400","800","600"
"Madhya Pradesh","Indore","Indore(F&V)","Green Chilli","Green Chilly","28/03/2020","800","1500","1200"
"Madhya Pradesh","Indore","Indore(F&V)","Karbuja(Musk Melon)","Karbhuja","28/03/2020","1000","2000","1500"
"Madhya Pradesh","Indore","Indore(F&V)","Onion","Onion","28/03/2020","1000","2000","1500"
"Madhya Pradesh","Indore","Indore(F&V)","Papaya","Papaya","28/03/2020","1000","2000","1500"
"Madhya Pradesh","Indore","Indore(F&V)","Potato","Desi","28/03/2020","1500","2200","1800"
"Madhya Pradesh","Indore","Indore(F&V)","Tomato","Other","28/03/2020","500","1500","1000"
"Madhya Pradesh","Indore","Indore(F&V)","Water Melon","Water Melon","28/03/2020","500","1000","800"
"Madhya Pradesh","Mandsaur","Piplya","Garlic","Average","28/03/2020","2500","2500","2500"
"Madhya Pradesh","Rajgarh","Narsinghgarh","Green Chilli","Other","28/03/2020","1800","2000","1900"
"Madhya Pradesh","Rajgarh","Narsinghgarh","Onion","Other","28/03/2020","800","900","850"
"Madhya Pradesh","Rajgarh","Narsinghgarh","Potato","Other","28/03/2020","1600","1700","1650"
"Madhya Pradesh","Rajgarh","Narsinghgarh","Tomato","Other","28/03/2020","180","200","190"
"Madhya Pradesh","Ratlam","A lot","Wheat","Medium","28/03/2020","1600","1700","1650"
"Madhya Pradesh","Ratlam","Jaora","Garlic","Desi","28/03/2020","2000","2000","2000"
"Madhya Pradesh","Ratlam","Jaora","Kabuli Chana(Chickpeas-White)","Other","28/03/2020","4600","4600","4600"
"Madhya Pradesh","Ratlam","Jaora","Soyabean","Other","28/03/2020","3650","3650","3650"
"Madhya Pradesh","Ratlam","Jaora","Wheat","Lok -1 (Nilami Rate)","28/03/2020","2100","2100","2100"
"Madhya Pradesh","Shajapur","Shujalpur","Onion","Other","28/03/2020","750","1400","1000"
"Odisha","Bargarh","Godabhaga","Paddy(Dhan)(Common)","Other","28/03/2020","1815","1835","1815"
"Odisha","Bargarh","Padampur","Brinjal","Brinjal","28/03/2020","900","1200","1000"
"Odisha","Bargarh","Padampur","Cabbage","Other","28/03/2020","1100","1300","1200"
"Odisha","Bargarh","Padampur","Cauliflower","Cauliflower","28/03/2020","1200","1400","1300"
"Odisha","Bargarh","Padampur","Green Chilli","Other","28/03/2020","3200","3500","3300"
"Odisha","Bargarh","Padampur","Tomato","Other","28/03/2020","900","1200","1000"
"Odisha","Bargarh","Sohela","Bhindi(Ladies Finger)","Other","28/03/2020","4300","4500","4400"
"Odisha","Bargarh","Sohela","Brinjal","Other","28/03/2020","1000","1200","1100"
"Odisha","Bargarh","Sohela","Cabbage","Other","28/03/2020","900","1100","1000"
"Odisha","Bargarh","Sohela","Cauliflower","Other","28/03/2020","1000","1200","1100"
"Odisha","Bargarh","Sohela","Green Chilli","Other","28/03/2020","3000","3200","3100"
"Odisha","Bargarh","Sohela","Pumpkin","Other","28/03/2020","1500","1700","1600"
"Odisha","Bargarh","Sohela","Tomato","Deshi","28/03/2020","1000","1200","1100"
"Odisha","Kalahandi","Kesinga","Capsicum","Other","28/03/2020","4000","4500","4200"
"Odisha","Kalahandi","Kesinga","Drumstick","Other","28/03/2020","6000","7000","6500"
"Odisha","Kalahandi","Kesinga","Fish","Other","28/03/2020","17500","20000","18500"
"Odisha","Kalahandi","Kesinga","Green Chilli","Other","28/03/2020","5000","5500","5200"
"Odisha","Kalahandi","Kesinga","Guar","Gwar","28/03/2020","5000","5500","5200"
"Odisha","Kalahandi","Kesinga","Papaya (Raw)","Other","28/03/2020","2000","3000","2500"
"Odisha","Kalahandi","Kesinga","Potato","Other","28/03/2020","3000","3500","3200"
"Odisha","Nowarangpur","Nabarangpur(Umerkote)","Maize","Hybrid/Local","28/03/2020","1760","1760","1760"
"Odisha","Sundergarh","Bonai","Banana - Green","Other","28/03/2020","4000","4000","4000"
"Odisha","Sundergarh","Bonai","Black Gram (Urd Beans)(Whole)","Other","28/03/2020","5600","8000","5600"
"Odisha","Sundergarh","Bonai","Brinjal","Other","28/03/2020","2000","3000","2000"
"Odisha","Sundergarh","Bonai","Cabbage","Other","28/03/2020","2000","3000","2000"
"Odisha","Sundergarh","Bonai","Capsicum","Other","28/03/2020","4000","4000","4000"
"Odisha","Sundergarh","Bonai","Carrot","Other","28/03/2020","1000","2000","1000"
"Odisha","Sundergarh","Bonai","Cauliflower","Other","28/03/2020","2000","2000","2000"
"Odisha","Sundergarh","Bonai","Cucumbar(Kheera)","Other","28/03/2020","2000","3000","3000"
"Odisha","Sundergarh","Bonai","French Beans (Frasbean)","Other","28/03/2020","4000","4000","4000"
"Odisha","Sundergarh","Bonai","Onion","Onion","28/03/2020","3000","3000","3000"
"Odisha","Sundergarh","Bonai","Onion","Other","28/03/2020","3000","3000","3000"
"Odisha","Sundergarh","Bonai","Paddy(Dhan)(Common)","Other","28/03/2020","1815","1835","1815"
"Odisha","Sundergarh","Bonai","Potato","Other","28/03/2020","2500","2500","2500"
"Odisha","Sundergarh","Bonai","Rice","Other","28/03/2020","3000","3500","3000"
"Odisha","Sundergarh","Bonai","Tomato","Other","28/03/2020","2000","2000","2000"
"Punjab","Gurdaspur","Dera Baba Nanak","Cauliflower","Other","28/03/2020","1400","1600","1500"
"Punjab","Gurdaspur","Dera Baba Nanak","Peas cod","Other","28/03/2020","1700","1900","1800"
"Punjab","Gurdaspur","Dera Baba Nanak","Spinach","Other","28/03/2020","1500","1700","1600"
"Punjab","Gurdaspur","Dera Baba Nanak","Turnip","Other","28/03/2020","1200","1400","1300"
"Punjab","Gurdaspur","Kalanaur","Cauliflower","Other","28/03/2020","1200","1500","1300"
"Punjab","Gurdaspur","Kalanaur","Peas cod","Other","28/03/2020","3500","3500","3500"
"Punjab","Gurdaspur","Kalanaur","Raddish","Other","28/03/2020","1000","1400","1200"
"Punjab","Hoshiarpur","Garh Shankar","Carrot","Carrot","28/03/2020","1500","1700","1600"
"Punjab","Hoshiarpur","Garh Shankar","Cauliflower","Cauliflower","28/03/2020","1000","1300","1200"
"Punjab","Hoshiarpur","Garh Shankar","Ginger(Green)","Green Ginger","28/03/2020","4000","5000","4500"
"Punjab","Hoshiarpur","Garh Shankar","Green Chilli","Green Chilly","28/03/2020","2000","4000","3000"
"Punjab","Hoshiarpur","Garh Shankar","Kinnow","Other","28/03/2020","1000","1500","1200"
"Punjab","Hoshiarpur","Garh Shankar","Onion","Other","28/03/2020","1800","2000","1900"
"Punjab","Hoshiarpur","Garh Shankar","Papaya","Other","28/03/2020","800","1000","900"
"Punjab","Hoshiarpur","Garh Shankar","Potato","Other","28/03/2020","900","1400","1000"
"Punjab","Hoshiarpur","Garh Shankar","Tomato","Deshi","28/03/2020","2000","4000","3000"
"Punjab","Patiala","Ghanaur","Cauliflower","Other","28/03/2020","1300","1500","1400"
"Punjab","Patiala","Ghanaur","Cucumbar(Kheera)","Other","28/03/2020","1600","1800","1700"
"Punjab","Patiala","Ghanaur","Green Chilli","Other","28/03/2020","6500","7500","7000"
"Punjab","Patiala","Ghanaur","Onion","Other","28/03/2020","2600","2800","2700"
"Punjab","Patiala","Ghanaur","Potato","Other","28/03/2020","1700","1800","1750"
"Punjab","Sangrur","Malerkotla","Cabbage","Cabbage","28/03/2020","500","700","650"
"Punjab","Sangrur","Malerkotla","Cauliflower","Other","28/03/2020","1200","1800","1600"
"Punjab","Sangrur","Malerkotla","Cucumbar(Kheera)","Other","28/03/2020","250","400","350"
"Punjab","Sangrur","Malerkotla","Green Chilli","Green Chilly","28/03/2020","5000","6500","5500"
"Punjab","Sangrur","Malerkotla","Kinnow","Kinnow","28/03/2020","1800","2500","2200"
"Punjab","Sangrur","Malerkotla","Lemon","Lemon","28/03/2020","2800","3500","3000"
"Punjab","Sangrur","Malerkotla","Onion","Other","28/03/2020","2000","2700","2550"
"Punjab","Sangrur","Malerkotla","Peas Wet","Other","28/03/2020","3000","3500","3200"
"Punjab","Sangrur","Malerkotla","Potato","Other","28/03/2020","1600","1800","1700"
"Punjab","Sangrur","Malerkotla","Raddish","Other","28/03/2020","900","1500","1200"
"Punjab","Sangrur","Malerkotla","Spinach","Other","28/03/2020","1200","1500","1400"
"Punjab","Sangrur","Malerkotla","Squash(Chappal Kadoo)","Other","28/03/2020","1200","1700","1500"
"Rajasthan","Churu","Churu","Garlic","Average","28/03/2020","6000","8000","7000"
"Rajasthan","Churu","Churu","Onion","1st Sort","28/03/2020","1500","2000","1750"
"Rajasthan","Churu","Churu","Potato","(Red Nanital)","28/03/2020","1800","2200","2000"
"Rajasthan","Hanumangarh","Suratgarh","Onion","1st Sort","28/03/2020","2560","2600","2580"
"Rajasthan","Jalore","Jalore","Bhindi(Ladies Finger)","Other","28/03/2020","3000","3500","3250"
"Rajasthan","Jalore","Jalore","Bitter gourd","Other","28/03/2020","3000","3500","3250"
"Rajasthan","Jalore","Jalore","Bottle gourd","Other","28/03/2020","800","1200","1000"
"Rajasthan","Jalore","Jalore","Brinjal","Other","28/03/2020","1200","1500","1350"
"Rajasthan","Jalore","Jalore","Cabbage","Other","28/03/2020","1000","1200","1100"
"Rajasthan","Jalore","Jalore","Carrot","Other","28/03/2020","1200","1500","1350"
"Rajasthan","Jalore","Jalore","Cauliflower","Other","28/03/2020","1800","2000","1900"
"Rajasthan","Jalore","Jalore","Coriander(Leaves)","Other","28/03/2020","3000","3500","3250"
"Rajasthan","Jalore","Jalore","Garlic","Other","28/03/2020","5000","5500","5250"
"Rajasthan","Jalore","Jalore","Green Chilli","Other","28/03/2020","2800","3000","2900"
"Rajasthan","Jalore","Jalore","Guar","Gwar","28/03/2020","5000","5500","5250"
"Rajasthan","Jalore","Jalore","Lemon","Other","28/03/2020","4000","4500","4250"
"Rajasthan","Jalore","Jalore","Onion","Other","28/03/2020","2000","2500","2250"
"Rajasthan","Jalore","Jalore","Potato","Other","28/03/2020","1800","2000","1900"
"Rajasthan","Jalore","Jalore","Tinda","Other","28/03/2020","4000","4500","4250"
"Rajasthan","Jalore","Jalore","Tomato","Other","28/03/2020","1000","1200","1100"
"Rajasthan","Pali","Sojat Road","Onion","Onion","28/03/2020","2000","2000","2000"
"Rajasthan","Pali","Sojat Road","Potato","Local","28/03/2020","2200","2200","2200"
"Rajasthan","Pali","Sojat Road","Tomato","Local","28/03/2020","800","800","800"
"Tamil Nadu","Erode","Vellakkoil","Copra","Copra","28/03/2020","5840","10670","10175"
"Tamil Nadu","Namakkal","Namagiripettai","Turmeric","Bulb","28/03/2020","5270","6090","5570"
"Tamil Nadu","Namakkal","Namagiripettai","Turmeric","Finger","28/03/2020","5410","7920","7220"
"Tamil Nadu","Namakkal","Namakkal","Copra","other","28/03/2020","7225","8215","7510"
"Tamil Nadu","Namakkal","Rasipuram","Copra","other","28/03/2020","7100","10400","8750"
"Tamil Nadu","Namakkal","Tiruchengode","Turmeric","Bulb","28/03/2020","5463","6299","6000"
"Tamil Nadu","Namakkal","Tiruchengode","Turmeric","Finger","28/03/2020","7052","8375","7900"
"Tamil Nadu","Namakkal","Velur","Coconut","Other","28/03/2020","2700","3250","2975"
"Telangana","Nalgonda","Kodad","Paddy(Dhan)(Common)","B P T","28/03/2020","1835","1835","1835"
"Telangana","Nalgonda","Nakrekal","Paddy(Dhan)(Common)","MTU-1010","28/03/2020","1835","1835","1835"
"Telangana","Nalgonda","Nalgonda","Paddy(Dhan)(Common)","B P T","28/03/2020","1835","1835","1835"
"Telangana","Nalgonda","Neredcherla","Paddy(Dhan)(Common)","B P T","28/03/2020","1815","1815","1815"
"Telangana","Nalgonda","Suryapeta","Cowpea (Lobia/Karamani)","Other","28/03/2020","4572","4572","4572"
"Telangana","Ranga Reddy","Medchal","Paddy(Dhan)(Common)","I.R. 64","28/03/2020","1835","1835","1835"
"Telangana","Warangal","Kesamudram","Paddy(Dhan)(Common)","HMT","28/03/2020","1950","1950","1950"
"Tripura","Dhalai","Chowmanu","Brinjal","Round/Long","28/03/2020","2500","3000","2750"
"Tripura","Dhalai","Chowmanu","Green Chilli","Green Chilly","28/03/2020","7000","8000","7500"
"Tripura","Sepahijala","Melaghar","Bitter gourd","Bitter Gourd","28/03/2020","4000","5000","4500"
"Tripura","Sepahijala","Melaghar","Brinjal","Brinjal","28/03/2020","600","1500","1000"
"Tripura","Sepahijala","Melaghar","Cucumbar(Kheera)","Cucumbar","28/03/2020","1000","1500","1200"
"Tripura","Sepahijala","Melaghar","Ridgeguard(Tori)","Other","28/03/2020","5000","6000","5500"
"Tripura","Unokoti","Panichowki","Banana","Banana - Ripe","28/03/2020","1400","1500","1470"
"Tripura","Unokoti","Panichowki","Brinjal","Round/Long","28/03/2020","900","1000","970"
"Tripura","Unokoti","Panichowki","Cabbage","Cabbage","28/03/2020","600","650","630"
"Tripura","Unokoti","Panichowki","Cauliflower","Cauliflower","28/03/2020","1000","1080","1030"
"Tripura","Unokoti","Panichowki","Ginger(Green)","Green Ginger","28/03/2020","7000","7300","7200"
"Tripura","Unokoti","Panichowki","Green Chilli","Green Chilly","28/03/2020","6000","6500","6200"
"Tripura","Unokoti","Panichowki","Papaya (Raw)","Papaya (Raw)","28/03/2020","2000","2100","2050"
"Tripura","Unokoti","Panichowki","Potato","Jyoti","28/03/2020","1600","1680","1630"
"Tripura","Unokoti","Panichowki","Rice","H.Y.V.","28/03/2020","2900","3030","2980"
"Tripura","Unokoti","Panichowki","Tomato","Deshi","28/03/2020","800","900","840"
"Tripura","West District","Kamalghat","Brinjal","Arkasheela Mattigulla","28/03/2020","2200","2400","2300"
"Tripura","West District","Kamalghat","Cauliflower","African Sarson","28/03/2020","2200","2500","2400"
"Tripura","West District","Kamalghat","Green Chilli","Green Chilly","28/03/2020","4800","5500","5000"
"Tripura","West District","Kamalghat","Tomato","Deshi","28/03/2020","1800","2000","1900"
"Uttar Pradesh","Agra","Jagnair","Bottle gourd","Bottle Gourd","28/03/2020","750","850","800"
"Uttar Pradesh","Agra","Jagnair","Cauliflower","Cauliflower","28/03/2020","750","850","800"
"Uttar Pradesh","Agra","Jagnair","Onion","Red","28/03/2020","1800","2000","1900"
"Uttar Pradesh","Agra","Jagnair","Potato","Desi","28/03/2020","900","1000","950"
"Uttar Pradesh","Agra","Jagnair","Tomato","Deshi","28/03/2020","1050","1150","1100"
"Uttar Pradesh","Allahabad","Sirsa","Onion","Red","28/03/2020","1900","2000","1950"
"Uttar Pradesh","Allahabad","Sirsa","Potato","Desi","28/03/2020","1700","1800","1750"
"Uttar Pradesh","Bijnor","Kiratpur","Banana - Green","Banana - Green","28/03/2020","1200","1400","1300"
"Uttar Pradesh","Bijnor","Kiratpur","Bottle gourd","Bottle Gourd","28/03/2020","1350","1450","1400"
"Uttar Pradesh","Bijnor","Kiratpur","Cauliflower","Cauliflower","28/03/2020","1150","1250","1200"
"Uttar Pradesh","Bijnor","Kiratpur","Onion","Red","28/03/2020","1800","1900","1850"
"Uttar Pradesh","Bijnor","Kiratpur","Orange","Other","28/03/2020","2600","2800","2700"
"Uttar Pradesh","Bijnor","Kiratpur","Potato","Desi","28/03/2020","1600","1700","1650"
"Uttar Pradesh","Bijnor","Kiratpur","Tomato","Deshi","28/03/2020","1900","2100","2000"
"Uttar Pradesh","Bijnor","Najibabad","Bhindi(Ladies Finger)","Bhindi","28/03/2020","800","900","850"
"Uttar Pradesh","Bijnor","Najibabad","Bitter gourd","Bitter Gourd","28/03/2020","950","1050","1000"
"Uttar Pradesh","Bijnor","Najibabad","Bottle gourd","Bottle Gourd","28/03/2020","700","800","750"
"Uttar Pradesh","Bijnor","Najibabad","Brinjal","Brinjal","28/03/2020","900","1000","950"
"Uttar Pradesh","Bijnor","Najibabad","Cucumbar(Kheera)","Cucumbar","28/03/2020","1750","1850","1800"
"Uttar Pradesh","Bijnor","Najibabad","Green Chilli","Green Chilly","28/03/2020","1400","1500","1450"
"Uttar Pradesh","Bijnor","Najibabad","Onion","Red","28/03/2020","1450","1550","1500"
"Uttar Pradesh","Bijnor","Najibabad","Potato","Desi","28/03/2020","1400","1500","1450"
"Uttar Pradesh","Bijnor","Najibabad","Sponge gourd","Sponge gourd","28/03/2020","850","950","900"
"Uttar Pradesh","Bijnor","Najibabad","Tomato","Hybrid","28/03/2020","1100","1200","1150"
"Uttar Pradesh","Bulandshahar","Gulavati","Cauliflower","Cauliflower","28/03/2020","928","932","930"
"Uttar Pradesh","Bulandshahar","Gulavati","Green Chilli","Green Chilly","28/03/2020","1968","1972","1970"
"Uttar Pradesh","Bulandshahar","Gulavati","Potato","Other","28/03/2020","1748","1752","1750"
"Uttar Pradesh","Bulandshahar","Gulavati","Pumpkin","Other","28/03/2020","678","682","680"
"Uttar Pradesh","Bulandshahar","Gulavati","Raddish","Other","28/03/2020","268","272","270"
"Uttar Pradesh","Bulandshahar","Gulavati","Tomato","Other","28/03/2020","1698","1702","1700"
"Uttar Pradesh","Bulandshahar","Sikarpur","Ber(Zizyphus/Borehannu)","Ber(Zizyphus)","28/03/2020","800","1000","900"
"Uttar Pradesh","Bulandshahar","Sikarpur","Bottle gourd","Bottle Gourd","28/03/2020","800","1000","900"
"Uttar Pradesh","Bulandshahar","Sikarpur","Brinjal","Round/Long","28/03/2020","600","1000","800"
"Uttar Pradesh","Bulandshahar","Sikarpur","Cabbage","Cabbage","28/03/2020","400","600","500"
"Uttar Pradesh","Bulandshahar","Sikarpur","Capsicum","Capsicum","28/03/2020","1000","1500","1200"
"Uttar Pradesh","Bulandshahar","Sikarpur","Carrot","Carrot","28/03/2020","500","800","600"
"Uttar Pradesh","Bulandshahar","Sikarpur","Cauliflower","Cauliflower","28/03/2020","200","400","300"
"Uttar Pradesh","Bulandshahar","Sikarpur","Cucumbar(Kheera)","Cucumbar","28/03/2020","800","1100","900"
"Uttar Pradesh","Bulandshahar","Sikarpur","Garlic","Average","28/03/2020","4000","4500","4200"
"Uttar Pradesh","Bulandshahar","Sikarpur","Ginger(Green)","Green Ginger","28/03/2020","2800","3300","3000"
"Uttar Pradesh","Bulandshahar","Sikarpur","Green Chilli","Green Chilly","28/03/2020","1200","1600","1400"
"Uttar Pradesh","Bulandshahar","Sikarpur","Green Peas","Green Peas","28/03/2020","1000","1400","1200"
"Uttar Pradesh","Bulandshahar","Sikarpur","Onion","Red","28/03/2020","1600","2000","1700"
"Uttar Pradesh","Bulandshahar","Sikarpur","Potato","Potato","28/03/2020","700","1000","800"
"Uttar Pradesh","Bulandshahar","Sikarpur","Pumpkin","Pumpkin","28/03/2020","500","700","600"
"Uttar Pradesh","Bulandshahar","Sikarpur","Raddish","Raddish","28/03/2020","200","300","250"
"Uttar Pradesh","Bulandshahar","Sikarpur","Tomato","Deshi","28/03/2020","800","1000","900"
"Uttar Pradesh","Jhansi","Baruwasagar","Colacasia","Colacasia","28/03/2020","2235","2470","2330"
"Uttar Pradesh","Jhansi","Baruwasagar","Ginger(Green)","Green Ginger","28/03/2020","3140","3345","3225"
"Uttar Pradesh","Sitapur","Hargaon (Laharpur)","Banana","Desi(Bontha)","28/03/2020","600","700","650"
"Uttar Pradesh","Sitapur","Hargaon (Laharpur)","Firewood","Other","28/03/2020","170","190","180"
"Uttar Pradesh","Sitapur","Hargaon (Laharpur)","Gur(Jaggery)","Yellow","28/03/2020","2200","2400","2300"
"Uttar Pradesh","Sitapur","Hargaon (Laharpur)","Potato","Local","28/03/2020","950","1050","1000"
"Uttar Pradesh","Sitapur","Hargaon (Laharpur)","Wheat","Dara","28/03/2020","1910","1920","1915"
"Uttar Pradesh","Sitapur","Hargaon (Laharpur)","Wood","Other","28/03/2020","280","300","290"
"Uttar Pradesh","Sitapur","Viswan","Gur(Jaggery)","Yellow","28/03/2020","2300","2500","2400"
"Uttar Pradesh","Sitapur","Viswan","Lentil (Masur)(Whole)","Other","28/03/2020","4200","4400","4300"
"Uttar Pradesh","Sitapur","Viswan","Onion","Other","28/03/2020","2200","2400","2300"
"Uttar Pradesh","Sitapur","Viswan","Potato","Desi","28/03/2020","1000","1200","1100"
"Uttrakhand","Dehradoon","Dehradoon","Bottle gourd","Other","28/03/2020","1000","1500","1200"
"Uttrakhand","Dehradoon","Dehradoon","Brinjal","Other","28/03/2020","1000","1600","1400"
"Uttrakhand","Dehradoon","Dehradoon","Carrot","Other","28/03/2020","1000","1500","1200"
"Uttrakhand","Dehradoon","Dehradoon","Cauliflower","Other","28/03/2020","1200","1700","1500"
"Uttrakhand","Dehradoon","Dehradoon","Cucumbar(Kheera)","Other","28/03/2020","1000","1800","1400"
"Uttrakhand","Dehradoon","Dehradoon","Green Chilli","Other","28/03/2020","1000","1400","1200"
"Uttrakhand","Dehradoon","Dehradoon","Onion","Other","28/03/2020","2400","3000","2800"
"Uttrakhand","Dehradoon","Dehradoon","Potato","Other","28/03/2020","2000","2600","2400"
"Uttrakhand","Dehradoon","Dehradoon","Pumpkin","Other","28/03/2020","800","1200","1100"
"Uttrakhand","Dehradoon","Dehradoon","Raddish","Other","28/03/2020","500","800","700"
"Uttrakhand","Dehradoon","Dehradoon","Tomato","Other","28/03/2020","1300","1800","1600"
"Uttrakhand","Dehradoon","Rishikesh","Bottle gourd","Other","28/03/2020","1500","1800","1600"
"Uttrakhand","Dehradoon","Rishikesh","Green Peas","Other","28/03/2020","3000","3400","3200"
"Uttrakhand","Dehradoon","Rishikesh","Onion","Other","28/03/2020","2200","2500","2400"
"Uttrakhand","Dehradoon","Rishikesh","Potato","Other","28/03/2020","2000","2400","2100"
"Uttrakhand","Dehradoon","Rishikesh","Pumpkin","Other","28/03/2020","1500","1700","1600"
"Uttrakhand","Haridwar","Roorkee","Bottle gourd","Other","28/03/2020","1600","2000","1800"
"Uttrakhand","Haridwar","Roorkee","Cauliflower","Other","28/03/2020","1200","1500","1300"
"Uttrakhand","Haridwar","Roorkee","Onion","Other","28/03/2020","2000","2800","2500"
"Uttrakhand","Haridwar","Roorkee","Potato","Other","28/03/2020","1900","2200","2000"
"Uttrakhand","Haridwar","Roorkee","Pumpkin","Other","28/03/2020","1200","1400","1300"
"Uttrakhand","Haridwar","Roorkee","Raddish","Other","28/03/2020","800","1000","900"
"West Bengal","Bankura","Bankura Sadar","Brinjal","Round/Long","28/03/2020","700","1000","800"
"West Bengal","Bankura","Bankura Sadar","Masur Dal","Masur Dal","28/03/2020","6800","7000","6900"
"West Bengal","Bankura","Bankura Sadar","Mustard","Mustard","28/03/2020","3800","4200","4200"
"West Bengal","Bankura","Bankura Sadar","Onion","Other","28/03/2020","2200","2500","2300"
"West Bengal","Bankura","Bankura Sadar","Potato","Local","28/03/2020","1300","1500","1400"
"West Bengal","Bankura","Bankura Sadar","Rice","Common","28/03/2020","2500","2700","2600"
"West Bengal","Bankura","Bankura Sadar","Sweet Pumpkin","Sweet Pumpkin","28/03/2020","1100","1300","1200"
"West Bengal","Bankura","Bankura Sadar","Wheat","Sonalika","28/03/2020","1840","1950","1900"
"West Bengal","Bankura","Indus(Bankura Sadar)","Brinjal","Round/Long","28/03/2020","900","1100","1000"
"West Bengal","Bankura","Indus(Bankura Sadar)","Green Chilli","Green Chilly","28/03/2020","3900","4100","4000"
"West Bengal","Bankura","Indus(Bankura Sadar)","Mustard","Mustard","28/03/2020","3800","4200","4200"
"West Bengal","Bankura","Indus(Bankura Sadar)","Potato","Local","28/03/2020","1300","1500","1400"
"West Bengal","Bankura","Indus(Bankura Sadar)","Rice","Fine","28/03/2020","2800","2900","2850"
"West Bengal","Bankura","Indus(Bankura Sadar)","Sweet Pumpkin","Sweet Pumpkin","28/03/2020","900","1100","1000"
"West Bengal","Bankura","Indus(Bankura Sadar)","Wheat","Sonalika","28/03/2020","1840","1950","1900"
"West Bengal","Burdwan","Memari","Bitter gourd","Bitter Gourd","28/03/2020","2600","3000","2800"
"West Bengal","Burdwan","Memari","Cucumbar(Kheera)","Cucumbar","28/03/2020","1200","1600","1400"
"West Bengal","Burdwan","Memari","Green Chilli","Green Chilly","28/03/2020","2600","3000","2800"
"West Bengal","Burdwan","Memari","Mustard","Sarson(Black)","28/03/2020","4000","4400","4200"
"West Bengal","Burdwan","Memari","Paddy(Dhan)(Common)","Common","28/03/2020","1800","1835","1815"
"West Bengal","Burdwan","Memari","Paddy(Dhan)(Common)","Paddy fine","28/03/2020","1835","1885","1865"
"West Bengal","Burdwan","Memari","Potato","Jyoti","28/03/2020","1300","1340","1320"
"West Bengal","Burdwan","Memari","Rice","Common","28/03/2020","2350","2450","2400"
"West Bengal","Burdwan","Memari","Rice","Fine","28/03/2020","2650","2750","2700"
"West Bengal","Burdwan","Memari","Sweet Pumpkin","Sweet Pumpkin","28/03/2020","1000","1400","1200"
"West Bengal","Burdwan","Memari","Tomato","Other","28/03/2020","1400","1600","1500"
"West Bengal","Coochbehar","Coochbehar","Bhindi(Ladies Finger)","Other","28/03/2020","3800","4000","3900"
"West Bengal","Coochbehar","Coochbehar","Bitter gourd","Other","28/03/2020","3300","3500","3400"
"West Bengal","Coochbehar","Coochbehar","Cabbage","Other","28/03/2020","450","600","500"
"West Bengal","Coochbehar","Coochbehar","Cauliflower","Other","28/03/2020","600","700","650"
"West Bengal","Coochbehar","Coochbehar","Green Chilli","Other","28/03/2020","2700","2900","2800"
"West Bengal","Coochbehar","Coochbehar","Potato","Jyoti","28/03/2020","1100","1200","1150"
"West Bengal","Coochbehar","Coochbehar","Ridgeguard(Tori)","Other","28/03/2020","3800","4000","3900"
"West Bengal","Coochbehar","Coochbehar","Tomato","Other","28/03/2020","500","600","550"
"West Bengal","Dakshin Dinajpur","Balurghat","Bitter gourd","Bitter Gourd","28/03/2020","2700","2900","2800"
"West Bengal","Dakshin Dinajpur","Balurghat","Brinjal","Round/Long","28/03/2020","1200","1400","1300"
"West Bengal","Dakshin Dinajpur","Balurghat","Green Chilli","Other","28/03/2020","2000","2200","2100"
"West Bengal","Dakshin Dinajpur","Balurghat","Potato","Local","28/03/2020","1200","1400","1300"
"West Bengal","Dakshin Dinajpur","Balurghat","Ridgeguard(Tori)","Other","28/03/2020","7400","7600","7500"
"West Bengal","Dakshin Dinajpur","Balurghat","Sweet Pumpkin","Other","28/03/2020","1100","1300","1200"
"West Bengal","Dakshin Dinajpur","Balurghat","Tomato","Other","28/03/2020","600","800","700"
"West Bengal","Darjeeling","Karsiyang(Matigara)","Carrot","Other","28/03/2020","3000","3400","3200"
"West Bengal","Darjeeling","Karsiyang(Matigara)","French Beans (Frasbean)","Other","28/03/2020","3500","4500","4000"
"West Bengal","Darjeeling","Karsiyang(Matigara)","Onion","Other","28/03/2020","2400","2800","2600"
"West Bengal","Darjeeling","Karsiyang(Matigara)","Potato","Local","28/03/2020","1600","2000","1800"
"West Bengal","Darjeeling","Karsiyang(Matigara)","Rice","Other","28/03/2020","4000","5000","4500"
"West Bengal","Darjeeling","Karsiyang(Matigara)","Squash(Chappal Kadoo)","Other","28/03/2020","1600","2000","1800"
"West Bengal","Darjeeling","Karsiyang(Matigara)","Tomato","Other","28/03/2020","2200","2600","2400"
"West Bengal","Darjeeling","Siliguri","Arhar (Tur/Red Gram)(Whole)","Other","28/03/2020","8500","9500","9000"
"West Bengal","Darjeeling","Siliguri","Banana","Other","28/03/2020","2600","3000","2800"
"West Bengal","Darjeeling","Siliguri","Banana","Other","28/03/2020","3000","3400","3200"
"West Bengal","Darjeeling","Siliguri","Banana","Other","28/03/2020","2800","3200","3000"
"West Bengal","Darjeeling","Siliguri","Black Gram (Urd Beans)(Whole)","Other","28/03/2020","8000","9000","8500"
"West Bengal","Darjeeling","Siliguri","Green Chilli","Green Chilly","28/03/2020","5500","6500","6000"
"West Bengal","Darjeeling","Siliguri","Green Gram (Moong)(Whole)","Other","28/03/2020","8500","9500","9000"
"West Bengal","Darjeeling","Siliguri","Lentil (Masur)(Whole)","Masur Dal","28/03/2020","8500","9500","9000"
"West Bengal","Darjeeling","Siliguri","Lentil (Masur)(Whole)","Other","28/03/2020","6000","7000","6500"
"West Bengal","Darjeeling","Siliguri","Onion","Other","28/03/2020","2200","2600","2400"
"West Bengal","Darjeeling","Siliguri","Potato","Jyoti","28/03/2020","1200","1600","1400"
"West Bengal","Darjeeling","Siliguri","Potato","Local","28/03/2020","1200","1600","1400"
"West Bengal","Darjeeling","Siliguri","Rice","Other","28/03/2020","3400","3900","3600"
"West Bengal","Darjeeling","Siliguri","Squash(Chappal Kadoo)","Other","28/03/2020","1200","1600","1400"
"West Bengal","Darjeeling","Siliguri","Tomato","Hybrid","28/03/2020","2000","2400","2200"
"West Bengal","Hooghly","Sheoraphuly","Onion","Local","28/03/2020","2200","2800","2500"
"West Bengal","Hooghly","Sheoraphuly","Potato","Jyoti","28/03/2020","1480","1550","1500"
"West Bengal","Hooghly","Sheoraphuly","Rice","Ratnachudi (718 5-749)","28/03/2020","3500","3800","3700"
"West Bengal","Murshidabad","Beldanga","Potato","Jyoti","28/03/2020","1280","1310","1300"
"West Bengal","Murshidabad","Beldanga","Rice","Other","28/03/2020","2750","2900","2800"
"West Bengal","Murshidabad","Kasimbazar","Jute","TD-5","28/03/2020","2730","2800","2760"
"West Bengal","Murshidabad","Kasimbazar","Rice","Other","28/03/2020","2730","2800","2760"
"West Bengal","Murshidabad","Kasimbazar","Wheat","Sonalika","28/03/2020","2175","2230","2200"
"West Bengal","North 24 Parganas","Habra","Bitter gourd","Other","28/03/2020","3400","3400","3400"
"West Bengal","North 24 Parganas","Habra","Brinjal","Other","28/03/2020","3200","3300","3200"
"West Bengal","North 24 Parganas","Habra","Green Chilli","Other","28/03/2020","4500","4500","4500"
"West Bengal","North 24 Parganas","Habra","Onion","Other","28/03/2020","1800","1950","1900"
"West Bengal","North 24 Parganas","Habra","Papaya (Raw)","Other","28/03/2020","1800","2000","1800"
"West Bengal","North 24 Parganas","Habra","Potato","Other","28/03/2020","1500","1520","1500"
"West Bengal","North 24 Parganas","Habra","Pumpkin","Other","28/03/2020","1300","1400","1300"
"West Bengal","North 24 Parganas","Habra","Tomato","Other","28/03/2020","1300","1500","1300"
"West Bengal","Uttar Dinajpur","Islampur","Potato","Jyoti","28/03/2020","1475","1515","1500"
"West Bengal","Uttar Dinajpur","Islampur","Rice","Fine","28/03/2020","3600","3700","3650"
"West Bengal","Uttar Dinajpur","Kaliaganj","Rice","Fine","28/03/2020","3400","3600","3450"
"West Bengal","Uttar Dinajpur","Raiganj","Rice","Fine","28/03/2020","3500","3600","3550"
